{
    "R CURATOLO": 3.5921617696210753,
    "APP S JAMIL": 4.172277237724824,
    "R WOODWORTH": 4.779804560260587,
    "I SAIFUDIN": 6.3283203125,
    "M NUNES": 2.9870317002881843,
    "JADEN LLOYD": 4.68525677876569,
    "B QUEIROZ": 3.3497925315303885,
    "APP CLYDE LECK": 6.825844691189992,
    "T KRISNA": 5.574056601022918,
    "B PINHEIRO": 4.658080813965228,
    "HT MO": 5.246533386298982,
    "N ZYRUL": 6.275130890052355,
    "APP M AKMAZANI": 5.22469118763677,
    "APP R AZHAR": 5.6396453301031375,
    "V DURIC": 3.299499165275459,
    "L BEUZELIN": 4.746363636363637,
    "D MOOR": 4.934134615660262,
    "R STEWART": 4.27894736842106,
    "M LERNER": 4.470059880239521,
    "CC WONG": 4.293692307692308,
    "APP K HAKIM": 3.939925373151877,
    "R SHAFIQ": 4.2898523048453505,
    "APP R ISKANDAR": 4.860689655172628,
    "K A'ISISUHAIRI": 5.475976845151954,
    "J POWELL": 4.282387663401546,
    "R MUNGER": 4.780544160309928,
    "JP VAN DER MERWE": 5.767063491996896,
    "J AZZOPARDI": 6.287202317080398,
    "P MOLONEY": 4.684727104908494,
    "B THOMPSON": 3.6296407530718087,
    "APP R CLARK": 4.460287419159641,
    "B VORSTER": 4.607453091139219,
    "G BOSS": 4.770568971278828,
    "APP SW CHONG": 6.031317701774364,
    "F YUSOFF": 4.454516815862438,
    "M ZAHRA": 4.156001515537466,
    "J BAYLISS": 4.44963055326205,
    "APP F YUSOFF": 5.076339285573463,
    "APP PH SEOW": 4.8947136563876645,
    "APP WH KOK": 4.360884353742269,
    "D BEASLEY": 4.441197183100417,
    "V ESPINDOLA": 4.772693913153368,
    "TH KOH": 6.319966722129784,
    "I AMIRUL": 6.340154440097459,
    "S SHAFRIZAL": 5.796084337349375,
    "APP M IBRAHIM": 5.981989534329909,
    "M ZAKI": 6.719718309853178,
    "WH KOK": 4.436754966887722,
    "A COLLETT": 5.137050747819415,
    "P DELLORTO": 4.7775617024149,
    "O PLACAIS": 4.13683180532243,
    "M POON": 4.907118273596178,
    "M KELLADY": 5.685588235294109,
    "T SEE": 5.544081645077919,
    "APP J EATON": 4.756522785973468,
    "B MELHAM": 4.947473494006788,
    "M RODD": 3.577780116432521,
    "APP K FAIZ": 6.9398760898662895,
    "APP N ROZLAN": 5.141071366303424,
    "B SHINN": 4.357631728792965,
    "T REHAIZAT": 5.415687717318651,
    "R ISKANDAR": 5.168776371234832,
    "O CHAVEZ": 4.740191389010128,
    "S NOH": 4.101910610895294,
    "APP AB RIDUAN": 5.292684544449887,
    "APP T KRISNA": 5.442009131354945,
    "APP CC WONG": 4.506484176386989,
    "C GRYLLS": 5.4110480085490895,
    "M EWE": 6.396184377852198,
    "R MAIA": 3.356844542132433,
    "J SEE": 6.042453021050402,
    "C MURRAY": 5.184630821226014,
    "N JUGLALL": 5.044141928857597,
    "R ZAWARI": 4.857522020120893,
    "APP N HANAFI": 4.478549522232772,
    "APP WW CHEAH": 5.539741789650201,
    "APP M NIZAR": 5.805935098584464,
    "APP A SYAHIR": 6.32650151495414,
    "APP N ZYRUL": 8.345854842044771,
    "APP I AMIRUL": 5.2017354508826585,
    "E ASLAM": 5.615997234404896,
    "S JOHN": 5.336018955512775,
    "C HABIB": 6.716379737385239,
    "CS CHIN": 5.598116274772116,
    "APP N NURSHAHRIL": 5.2201519702547,
    "D DAVID": 6.354297675852165,
    "M CHADWICK": 4.9213033800862265,
    "APP R SAZALI": 4.798170037323277,
    "A MUNRO": 5.365911245666332,
    "APP CK NG": 6.783932370014482,
    "MM FIRDAUS": 6.387139161711881,
    "APP WS CHAN": 4.47728547679792,
    "APP M JAILANI": 4.717526416936696,
    "C HENRIQUE": 4.8855439740616635,
    "I AZHAR": 5.577620466149257,
    "Z ZURIMAN": 6.150604615855176,
    "D JOHNSON": 4.990754213098992,
    "APP H SYAFIQ": 4.728607589378034,
    "APP S SHAFRIZAL": 6.6131818563734575,
    "J KAH": 4.70179512883156,
    "W PIKE": 4.7083535079341985,
    "M DEE": 4.684882543364779,
    "B MERTENS": 4.769569806681895,
    "APP ZX TAN": 5.069685722362986,
    "H BOWMAN": 4.300378438851217,
    "A ADKINS": 4.7775617024149,
    "F DA SILVA": 4.418276925901801,
    "APP J SEE": 5.210597722828366,
    "APP R FAHMI": 4.23769179370694,
    "L MACHADO": 5.602264042605081,
    "S DE SOUSA": 4.789359380258611,
    "C SCHOFIELD": 4.451966070823859,
    "APP K NUH": 5.240957497665504,
    "SY MOON": 5.381868245653352,
    "C WILLIAMS": 4.595045930815105,
    "R HAVLIN": 4.626450484882597,
    "A DA SILVA": 5.141025525678133,
    "APP R FIRDHAUS": 5.836459296458477,
    "APP M KHALID": 5.126987424191934,
    "G VAN NIEKERK": 4.366233536156602,
    "APP Y SALIM": 4.970313289231466,
    "AK LIM": 4.786544868430764,
    "G MOSSE": 4.735502497223226,
    "APP L HEWITSON": 4.623416143795202,
    "CW BROWN": 5.2333757228673,
    "T BERRY": 5.05580845028049,
    "APP R HASRI": 5.5241989579872826,
    "APP K TOH": 5.06881929771679,
    "R RUEVEN": 4.847634891299694,
    "APP E FINNEGAN": 4.964732518226392,
    "APP S CARR": 4.392255231029202
}