{
    "J PETERS": 4.6774096385542245,
    "R LE GRANGE": 4.529069767461031,
    "T FITZSIMMONS": 4.647647058823533,
    "D LOGAN": 4.163368983957219,
    "M WALKER": 4.372413793458823,
    "J ONG": 4.7,
    "S BAERTSCHIGER": 4.759459459772315,
    "D MEAGHER": 4.299757281553398,
    "J TAN": 4.7366459627329345,
    "DL FREEDMAN": 3.5431390058827663,
    "KS TAN": 5.025139654819037,
    "HW TAN": 6.960267854358293,
    "D KOK": 5.9774384488364625,
    "ZL MOK": 5.4184599124124,
    "T MAHADI": 7.129662315076766,
    "J LIM": 5.102923932855142,
    "S BURRIDGE": 4.760773499406961,
    "KY YOUNG": 5.845685260668195,
    "S GRAY": 4.554814814820231,
    "M CLEMENTS": 3.964233576651465,
    "D KOH": 5.2180721644718515,
    "C BROWN": 4.923727644583487,
    "L KHOO": 6.143181617002932,
    "J O'HARA": 5.373113539930022,
    "HK TAN": 5.271839637088016,
    "RB MARSH": 5.163966292914127,
    "R LIM": 5.102611940295831,
    "CT KUAH": 7.058427328050475,
    "S CRUTCHLEY": 5.336182292483727,
    "H TAKAOKA": 5.628763789391395,
    "S YEOH": 5.108710912452455,
    "P SHAW": 3.9454850908007617,
    "J SAIMEE": 4.7880844924114,
    "L DRAGON": 4.514920988635615,
    "T KIESER": 5.148283399462557,
    "M YUSOF": 4.9283631400172725
}