{
    "J PETERS": 4.703901437371663,
    "T FITZSIMMONS": 4.220796019900497,
    "R LE GRANGE": 4.498503401360544,
    "M CLEMENTS": 4.153511705685618,
    "S GRAY": 4.75299043062201,
    "D LOGAN": 4.760373831775701,
    "M WALKER": 4.31771523178808,
    "HW TAN": 6.642685370741483,
    "J ONG": 5.044725370531823,
    "S BAERTSCHIGER": 4.917468805704099,
    "C BROWN": 4.597704918032945,
    "D MEAGHER": 4.070915032679738,
    "J TAN": 4.639171122994652,
    "DL FREEDMAN": 4.075336324242794,
    "KS TAN": 5.55214953271028,
    "D KOK": 6.047438752783965,
    "ZL MOK": 6.384260768026308,
    "T MAHADI": 6.152234636871506,
    "J LIM": 5.113407821229049,
    "J O'HARA": 5.450495043568581,
    "S BURRIDGE": 4.55884476534296,
    "KY YOUNG": 5.92136563876652,
    "D KOH": 5.648960739030023,
    "L KHOO": 6.502949061662197,
    "HK TAN": 5.717233555102806,
    "L DRAGON": 4.120634949029492,
    "RB MARSH": 5.478734997435409,
    "R LIM": 5.172995780590718,
    "CT KUAH": 6.987458745873556,
    "S CRUTCHLEY": 5.55201309389576,
    "H TAKAOKA": 5.763905080611973,
    "S YEOH": 5.037458092635257,
    "P SHAW": 3.7227434168097306,
    "T KIESER": 5.927135573385677,
    "J SAIMEE": 4.867500147789434,
    "M YUSOF": 6.139929894525527
}