{
    "R WOODWORTH": 4.408064516196313,
    "B QUEIROZ": 2.971394669271027,
    "B PINHEIRO": 4.430331193676007,
    "APP R AZHAR": 5.625158513116012,
    "K A'ISISUHAIRI": 5.600854700521271,
    "CC WONG": 3.923636365741246,
    "APP SW CHONG": 5.686764272171838,
    "R STEWART": 4.191383413405734,
    "APP S JAMIL": 4.62381543822572,
    "APP CLYDE LECK": 7.815142904673272,
    "F YUSOFF": 4.071302032706431,
    "M NUNES": 2.7097959187454954,
    "J BAYLISS": 4.6511758999442465,
    "APP F YUSOFF": 4.407903643371317,
    "APP PH SEOW": 4.752760854526654,
    "APP WH KOK": 4.557301650048001,
    "V DURIC": 3.461792459633252,
    "M LERNER": 4.40444444445195,
    "L BEUZELIN": 4.745333784310062,
    "N ZYRUL": 6.754428541883878,
    "R CURATOLO": 4.368178360945086,
    "P DELLORTO": 4.853378995631577,
    "O PLACAIS": 3.6595155099821897,
    "M KELLADY": 5.568009623915112,
    "M ZAKI": 6.000758680356646,
    "T SEE": 5.5567482827768515,
    "APP J EATON": 4.739898143711187,
    "APP N ROZLAN": 4.794194676268488,
    "APP M AKMAZANI": 4.737730967895559,
    "T REHAIZAT": 5.443511938222307,
    "D MOOR": 5.321566218633041,
    "O CHAVEZ": 4.926539651018772,
    "APP R ISKANDAR": 4.223532252967203,
    "APP K HAKIM": 3.892698638295092,
    "P MOLONEY": 5.035262038533745,
    "APP CC WONG": 4.823935316449638,
    "APP M IBRAHIM": 5.70719641395917,
    "S SHAFRIZAL": 6.279798083951222,
    "R SHAFIQ": 4.69652964003151,
    "M EWE": 6.820125431592579,
    "G BOSS": 4.814188875033134,
    "N JUGLALL": 5.3935669223568805,
    "R ZAWARI": 5.003022805408759,
    "APP N HANAFI": 4.48425449280742,
    "T KRISNA": 5.256109352777871,
    "I SAIFUDIN": 6.333809516027477,
    "A COLLETT": 3.8642070547412857,
    "J POWELL": 4.017734213510892,
    "APP I AMIRUL": 5.113742436281893,
    "E ASLAM": 5.209625115140227,
    "M ZAHRA": 4.326046484035225,
    "I AMIRUL": 6.674474678212067,
    "TH KOH": 6.120408163066415,
    "B VORSTER": 4.30890007930351,
    "J SEE": 6.099817609942101,
    "JP VAN DER MERWE": 5.100941798959172,
    "B THOMPSON": 3.9254911272621262,
    "M RODD": 3.499278184251392,
    "V ESPINDOLA": 5.126506391099733,
    "WH KOK": 3.7756024377350634,
    "C HABIB": 5.721170188625241,
    "APP N NURSHAHRIL": 5.378269368039872,
    "S JOHN": 5.83124821782126,
    "R ISKANDAR": 5.0952869946164006,
    "R MAIA": 3.3800043170441914,
    "D DAVID": 5.335672616293236,
    "A MUNRO": 4.758457157744736,
    "R MUNGER": 5.101054106225492,
    "D BEASLEY": 4.723663660437176,
    "APP T KRISNA": 5.599626974928129,
    "S NOH": 4.031723584353617,
    "JADEN LLOYD": 5.110573218183368,
    "I AZHAR": 5.728722505393447,
    "CS CHIN": 4.871044028583714,
    "J AZZOPARDI": 4.737715884517811,
    "APP N ZYRUL": 5.768555425363978,
    "C GRYLLS": 4.876044247662884,
    "D JOHNSON": 4.96503800727419,
    "APP H SYAFIQ": 4.917328494690952,
    "APP K FAIZ": 7.347803961345873,
    "APP WW CHEAH": 4.969724152821441,
    "APP CK NG": 5.946431536810271,
    "C MURRAY": 5.316585117272667,
    "B SHINN": 4.360060168830881,
    "APP S SHAFRIZAL": 5.626537064605568,
    "C HENRIQUE": 5.220943309889099,
    "B MERTENS": 4.7438536008570935,
    "H BOWMAN": 4.381848909068031,
    "APP M NIZAR": 5.899840689842956,
    "APP R SAZALI": 4.6453975715776625,
    "APP A SYAHIR": 5.634925964187328,
    "APP WS CHAN": 4.850393546488086,
    "J KAH": 4.668972611260943,
    "W PIKE": 4.896733126013147,
    "M DEE": 4.665788516239295,
    "S DE SOUSA": 4.978048854710489,
    "C SCHOFIELD": 4.619324738545772,
    "C WILLIAMS": 4.405571567513299,
    "R HAVLIN": 4.600734279057796,
    "HT MO": 5.514594186347285,
    "APP AB RIDUAN": 5.654612921398078,
    "APP R FIRDHAUS": 5.810743090633675,
    "APP R FAHMI": 4.751301387419428,
    "APP Y SALIM": 5.137081125432553,
    "Z ZURIMAN": 5.70229450974243,
    "APP J SEE": 5.243144671841862,
    "M CHADWICK": 5.030092244455688,
    "G MOSSE": 4.618695648862785,
    "A DA SILVA": 5.071664679463887,
    "A ADKINS": 5.004070549583089,
    "APP ZX TAN": 5.16545133841265,
    "APP R HASRI": 5.498482752162481,
    "MM FIRDAUS": 5.56077523624633,
    "R RUEVEN": 4.821918685474892,
    "APP K NUH": 5.004070549583089,
    "SY MOON": 4.912994617528991,
    "APP L HEWITSON": 4.704821058548194,
    "CW BROWN": 4.600734279057796,
    "APP S CARR": 4.3665390252044
}